Predicted residue, True residue, Value
HIS,HIS,82
HIS,ARG,236
HIS,LYS,934
HIS,GLN,3
HIS,GLU,1775
HIS,ASP,1426
HIS,ASN,1066
HIS,GLY,653
HIS,ALA,1569
HIS,SER,1611
HIS,THR,912
HIS,PRO,782
HIS,CYS,11
HIS,VAL,1996
HIS,ILE,414
HIS,MET,12
HIS,LEU,3536
HIS,PHE,573
HIS,TYR,753
HIS,TRP,1
ARG,HIS,28
ARG,ARG,807
ARG,LYS,3753
ARG,GLN,7
ARG,GLU,6809
ARG,ASP,1897
ARG,ASN,1067
ARG,GLY,853
ARG,ALA,3959
ARG,SER,2224
ARG,THR,2270
ARG,PRO,1924
ARG,CYS,3
ARG,VAL,3714
ARG,ILE,846
ARG,MET,26
ARG,LEU,7676
ARG,PHE,482
ARG,TYR,686
ARG,TRP,8
LYS,HIS,22
LYS,ARG,690
LYS,LYS,5984
LYS,GLN,11
LYS,GLU,9574
LYS,ASP,2425
LYS,ASN,1135
LYS,GLY,992
LYS,ALA,3587
LYS,SER,2510
LYS,THR,2620
LYS,PRO,2684
LYS,CYS,6
LYS,VAL,3289
LYS,ILE,711
LYS,MET,29
LYS,LEU,6468
LYS,PHE,315
LYS,TYR,574
LYS,TRP,1
GLN,HIS,17
GLN,ARG,381
GLN,LYS,2672
GLN,GLN,104
GLN,GLU,6293
GLN,ASP,1740
GLN,ASN,814
GLN,GLY,647
GLN,ALA,2905
GLN,SER,1733
GLN,THR,1589
GLN,PRO,1188
GLN,CYS,3
GLN,VAL,2332
GLN,ILE,554
GLN,MET,36
GLN,LEU,5089
GLN,PHE,299
GLN,TYR,365
GLN,TRP,2
GLU,HIS,13
GLU,ARG,577
GLU,LYS,4124
GLU,GLN,13
GLU,GLU,16607
GLU,ASP,3690
GLU,ASN,973
GLU,GLY,906
GLU,ALA,4086
GLU,SER,3045
GLU,THR,2517
GLU,PRO,3220
GLU,CYS,5
GLU,VAL,2985
GLU,ILE,716
GLU,MET,48
GLU,LEU,6297
GLU,PHE,334
GLU,TYR,516
GLU,TRP,6
ASP,HIS,15
ASP,ARG,274
ASP,LYS,1579
ASP,GLN,1
ASP,GLU,8386
ASP,ASP,14284
ASP,ASN,2462
ASP,GLY,1793
ASP,ALA,2966
ASP,SER,3447
ASP,THR,1733
ASP,PRO,2752
ASP,CYS,8
ASP,VAL,1349
ASP,ILE,387
ASP,MET,26
ASP,LEU,3713
ASP,PHE,339
ASP,TYR,316
ASP,TRP,3
ASN,HIS,47
ASN,ARG,221
ASN,LYS,1312
ASN,GLN,3
ASN,GLU,3685
ASN,ASP,6769
ASN,ASN,4426
ASN,GLY,1836
ASN,ALA,2675
ASN,SER,2338
ASN,THR,1674
ASN,PRO,1346
ASN,CYS,14
ASN,VAL,1721
ASN,ILE,299
ASN,MET,15
ASN,LEU,3904
ASN,PHE,389
ASN,TYR,509
ASN,TRP,1
GLY,HIS,3
GLY,ARG,69
GLY,LYS,558
GLY,GLN,1
GLY,GLU,1970
GLY,ASP,1654
GLY,ASN,729
GLY,GLY,40028
GLY,ALA,5005
GLY,SER,2319
GLY,THR,910
GLY,PRO,1463
GLY,CYS,4
GLY,VAL,951
GLY,ILE,114
GLY,MET,28
GLY,LEU,2372
GLY,PHE,336
GLY,TYR,194
GLY,TRP,3
ALA,HIS,13
ALA,ARG,452
ALA,LYS,2270
ALA,GLN,6
ALA,GLU,8300
ALA,ASP,2087
ALA,ASN,829
ALA,GLY,2912
ALA,ALA,21445
ALA,SER,4025
ALA,THR,1418
ALA,PRO,4262
ALA,CYS,29
ALA,VAL,4687
ALA,ILE,798
ALA,MET,57
ALA,LEU,10919
ALA,PHE,950
ALA,TYR,488
ALA,TRP,15
SER,HIS,13
SER,ARG,282
SER,LYS,1874
SER,GLN,3
SER,GLU,5556
SER,ASP,3491
SER,ASN,1243
SER,GLY,2442
SER,ALA,7128
SER,SER,10753
SER,THR,3725
SER,PRO,3057
SER,CYS,89
SER,VAL,2582
SER,ILE,299
SER,MET,50
SER,LEU,4671
SER,PHE,674
SER,TYR,559
SER,TRP,13
THR,HIS,13
THR,ARG,316
THR,LYS,2025
THR,GLN,3
THR,GLU,4238
THR,ASP,2188
THR,ASN,568
THR,GLY,1019
THR,ALA,3477
THR,SER,4219
THR,THR,9814
THR,PRO,1571
THR,CYS,7
THR,VAL,6018
THR,ILE,781
THR,MET,31
THR,LEU,6071
THR,PHE,722
THR,TYR,631
THR,TRP,5
PRO,HIS,0
PRO,ARG,3
PRO,LYS,392
PRO,GLN,0
PRO,GLU,1328
PRO,ASP,739
PRO,ASN,31
PRO,GLY,476
PRO,ALA,1017
PRO,SER,1098
PRO,THR,165
PRO,PRO,29428
PRO,CYS,0
PRO,VAL,166
PRO,ILE,48
PRO,MET,30
PRO,LEU,1481
PRO,PHE,31
PRO,TYR,17
PRO,TRP,4
CYS,HIS,2
CYS,ARG,35
CYS,LYS,146
CYS,GLN,2
CYS,GLU,230
CYS,ASP,432
CYS,ASN,315
CYS,GLY,487
CYS,ALA,1986
CYS,SER,860
CYS,THR,478
CYS,PRO,376
CYS,CYS,451
CYS,VAL,1687
CYS,ILE,225
CYS,MET,7
CYS,LEU,2178
CYS,PHE,285
CYS,TYR,233
CYS,TRP,11
VAL,HIS,13
VAL,ARG,286
VAL,LYS,1476
VAL,GLN,1
VAL,GLU,2711
VAL,ASP,874
VAL,ASN,262
VAL,GLY,314
VAL,ALA,3201
VAL,SER,1064
VAL,THR,2548
VAL,PRO,1585
VAL,CYS,29
VAL,VAL,22890
VAL,ILE,4776
VAL,MET,33
VAL,LEU,12649
VAL,PHE,798
VAL,TYR,669
VAL,TRP,21
ILE,HIS,11
ILE,ARG,219
ILE,LYS,985
ILE,GLN,2
ILE,GLU,1917
ILE,ASP,643
ILE,ASN,182
ILE,GLY,195
ILE,ALA,2259
ILE,SER,639
ILE,THR,1582
ILE,PRO,1014
ILE,CYS,24
ILE,VAL,15283
ILE,ILE,5641
ILE,MET,21
ILE,LEU,12213
ILE,PHE,580
ILE,TYR,446
ILE,TRP,11
MET,HIS,0
MET,ARG,150
MET,LYS,496
MET,GLN,3
MET,GLU,1111
MET,ASP,465
MET,ASN,253
MET,GLY,456
MET,ALA,2247
MET,SER,712
MET,THR,536
MET,PRO,632
MET,CYS,7
MET,VAL,2466
MET,ILE,615
MET,MET,85
MET,LEU,5876
MET,PHE,389
MET,TYR,264
MET,TRP,3
LEU,HIS,8
LEU,ARG,500
LEU,LYS,1973
LEU,GLN,9
LEU,GLU,4117
LEU,ASP,1352
LEU,ASN,602
LEU,GLY,734
LEU,ALA,5488
LEU,SER,1449
LEU,THR,1749
LEU,PRO,2526
LEU,CYS,46
LEU,VAL,10425
LEU,ILE,3964
LEU,MET,42
LEU,LEU,33856
LEU,PHE,1303
LEU,TYR,1052
LEU,TRP,17
PHE,HIS,19
PHE,ARG,234
PHE,LYS,612
PHE,GLN,3
PHE,GLU,1293
PHE,ASP,856
PHE,ASN,635
PHE,GLY,637
PHE,ALA,2864
PHE,SER,1166
PHE,THR,1080
PHE,PRO,1069
PHE,CYS,10
PHE,VAL,5060
PHE,ILE,1394
PHE,MET,12
PHE,LEU,10020
PHE,PHE,2606
PHE,TYR,1751
PHE,TRP,19
TYR,HIS,24
TYR,ARG,267
TYR,LYS,767
TYR,GLN,0
TYR,GLU,1401
TYR,ASP,1000
TYR,ASN,614
TYR,GLY,619
TYR,ALA,2481
TYR,SER,1244
TYR,THR,1186
TYR,PRO,977
TYR,CYS,16
TYR,VAL,4353
TYR,ILE,1067
TYR,MET,6
TYR,LEU,7367
TYR,PHE,1990
TYR,TYR,2652
TYR,TRP,18
TRP,HIS,1
TRP,ARG,99
TRP,LYS,291
TRP,GLN,0
TRP,GLU,693
TRP,ASP,467
TRP,ASN,214
TRP,GLY,305
TRP,ALA,1053
TRP,SER,592
TRP,THR,380
TRP,PRO,566
TRP,CYS,24
TRP,VAL,1414
TRP,ILE,412
TRP,MET,1
TRP,LEU,3473
TRP,PHE,641
TRP,TYR,505
TRP,TRP,133
