 ,UUU,UUC,UUA,UUG,UCU,UCC,UCA,UCG,UAU,UAC,UAA,UAG,UGU,UGC,UGA,UGG,CUU,CUC,CUA,CUG,CCU,CCC,CCA,CCG,CAU,CAC,CAA,CAG,CGU,CGC,CGA,CGG,AUU,AUC,AUA,AUG,ACU,ACC,ACA,ACG,AAU,AAC,AAA,AAG,AGU,AGC,AGA,AGG,GUU,GUC,GUA,GUG,GCU,GCC,GCA,GCG,GAU,GAC,GAA,GAG,GGU,GGC,GGA,GGG
UUU,*,0.0,0.0182615047479911,0.0182615047479911,11.413440467494521,-,-,-,0.8948137326515708,-,-,-,77.15485756026295,-,-,-,0.0182615047479911,-,-,-,-,-,-,-,-,-,-,-,-,-,-,-,0.0182615047479911,-,-,-,-,-,-,-,-,-,-,-,-,-,-,-,0.6574141709276836,-,-,-,-,-,-,-,-,-,-,-,-,-,-,-
UUC,0.0,*,0.0182615047479911,0.0182615047479911,-,11.413440467494521,-,-,-,0.8948137326515708,-,-,-,77.15485756026295,-,-,-,0.0182615047479911,-,-,-,-,-,-,-,-,-,-,-,-,-,-,-,0.0182615047479911,-,-,-,-,-,-,-,-,-,-,-,-,-,-,-,0.6574141709276836,-,-,-,-,-,-,-,-,-,-,-,-,-,-
UUA,0.0182615047479911,0.0182615047479911,*,0.0,-,-,12.34477720964207,-,-,-,-,-,-,-,-,-,-,-,0.0,-,-,-,-,-,-,-,-,-,-,-,-,-,-,-,0.0,-,-,-,-,-,-,-,-,-,-,-,-,-,-,-,0.8948137326515686,-,-,-,-,-,-,-,-,-,-,-,-,-
UUG,0.0182615047479911,0.0182615047479911,0.0,*,-,-,-,12.34477720964207,-,-,-,-,-,-,-,0.292184075967859,-,-,-,0.0,-,-,-,-,-,-,-,-,-,-,-,-,-,-,-,0.292184075967859,-,-,-,-,-,-,-,-,-,-,-,-,-,-,-,0.8948137326515686,-,-,-,-,-,-,-,-,-,-,-,-
UCU,11.413440467494521,-,-,-,*,0.0,0.0,0.0,5.916727538349158,-,-,-,29.218407596785973,-,-,-,-,-,-,-,1.479181884587291,-,-,-,-,-,-,-,-,-,-,-,-,-,-,-,1.479181884587291,-,-,-,-,-,-,-,-,-,-,-,-,-,-,-,0.4565376186997808,-,-,-,-,-,-,-,-,-,-,-
UCC,-,11.413440467494521,-,-,0.0,*,0.0,0.0,-,5.916727538349158,-,-,-,29.218407596785973,-,-,-,-,-,-,-,1.479181884587291,-,-,-,-,-,-,-,-,-,-,-,-,-,-,-,1.479181884587291,-,-,-,-,-,-,-,-,-,-,-,-,-,-,-,0.4565376186997808,-,-,-,-,-,-,-,-,-,-
UCA,-,-,12.34477720964207,-,0.0,0.0,*,0.0,-,-,-,-,-,-,-,-,-,-,-,-,-,-,1.479181884587291,-,-,-,-,-,-,-,-,-,-,-,-,-,-,-,1.479181884587291,-,-,-,-,-,-,-,-,-,-,-,-,-,-,-,0.4565376186997808,-,-,-,-,-,-,-,-,-
UCG,-,-,-,12.34477720964207,0.0,0.0,0.0,*,-,-,-,-,-,-,-,8.838568298027758,-,-,-,-,-,-,-,1.479181884587291,-,-,-,-,-,-,-,-,-,-,-,-,-,-,-,1.479181884587291,-,-,-,-,-,-,-,-,-,-,-,-,-,-,-,0.4565376186997808,-,-,-,-,-,-,-,-
UAU,0.8948137326515708,-,-,-,5.916727538349158,-,-,-,*,0.0,-,-,61.4317019722425,-,-,-,-,-,-,-,-,-,-,-,13.312636961285609,-,-,-,-,-,-,-,-,-,-,-,-,-,-,-,33.765522279035785,-,-,-,-,-,-,-,-,-,-,-,-,-,-,-,97.31555880204527,-,-,-,-,-,-,-
UAC,-,0.8948137326515708,-,-,-,5.916727538349158,-,-,0.0,*,-,-,-,61.4317019722425,-,-,-,-,-,-,-,-,-,-,-,13.312636961285609,-,-,-,-,-,-,-,-,-,-,-,-,-,-,-,33.765522279035785,-,-,-,-,-,-,-,-,-,-,-,-,-,-,-,97.31555880204527,-,-,-,-,-,-
UAA,-,-,-,-,-,-,-,-,-,-,-,-,-,-,-,-,-,-,-,-,-,-,-,-,-,-,-,-,-,-,-,-,-,-,-,-,-,-,-,-,-,-,-,-,-,-,-,-,-,-,-,-,-,-,-,-,-,-,-,-,-,-,-,-
UAG,-,-,-,-,-,-,-,-,-,-,-,-,-,-,-,-,-,-,-,-,-,-,-,-,-,-,-,-,-,-,-,-,-,-,-,-,-,-,-,-,-,-,-,-,-,-,-,-,-,-,-,-,-,-,-,-,-,-,-,-,-,-,-,-
UGU,77.15485756026295,-,-,-,29.218407596785973,-,-,-,61.4317019722425,-,-,-,*,0.0,-,70.19722425127831,-,-,-,-,-,-,-,-,-,-,-,-,10.518626734842954,-,-,-,-,-,-,-,-,-,-,-,-,-,-,-,29.218407596785973,-,-,-,-,-,-,-,-,-,-,-,-,-,-,-,23.666910153396632,-,-,-
UGC,-,77.15485756026295,-,-,-,29.218407596785973,-,-,-,61.4317019722425,-,-,0.0,*,-,70.19722425127831,-,-,-,-,-,-,-,-,-,-,-,-,-,10.518626734842954,-,-,-,-,-,-,-,-,-,-,-,-,-,-,-,29.218407596785973,-,-,-,-,-,-,-,-,-,-,-,-,-,-,-,23.666910153396632,-,-
UGA,-,-,-,-,-,-,-,-,-,-,-,-,-,-,-,-,-,-,-,-,-,-,-,-,-,-,-,-,-,-,-,-,-,-,-,-,-,-,-,-,-,-,-,-,-,-,-,-,-,-,-,-,-,-,-,-,-,-,-,-,-,-,-,-
UGG,-,-,-,0.292184075967859,-,-,-,8.838568298027758,-,-,-,-,70.19722425127831,70.19722425127831,-,*,-,-,-,-,-,-,-,-,-,-,-,-,-,-,-,26.36961285609934,-,-,-,-,-,-,-,-,-,-,-,-,-,-,-,26.36961285609934,-,-,-,-,-,-,-,-,-,-,-,-,-,-,-,12.344777209642077
CUU,0.0182615047479911,-,-,-,-,-,-,-,-,-,-,-,-,-,-,-,*,0.0,0.0,0.0,5.2775748721694615,-,-,-,22.370343316289258,-,-,-,32.21329437545653,-,-,-,0.0,-,-,-,-,-,-,-,-,-,-,-,-,-,-,-,0.8948137326515686,-,-,-,-,-,-,-,-,-,-,-,-,-,-,-
CUC,-,0.0182615047479911,-,-,-,-,-,-,-,-,-,-,-,-,-,-,0.0,*,0.0,0.0,-,5.2775748721694615,-,-,-,22.370343316289258,-,-,-,32.21329437545653,-,-,-,0.0,-,-,-,-,-,-,-,-,-,-,-,-,-,-,-,0.8948137326515686,-,-,-,-,-,-,-,-,-,-,-,-,-,-
CUA,-,-,0.0,-,-,-,-,-,-,-,-,-,-,-,-,-,0.0,0.0,*,0.0,-,-,5.2775748721694615,-,-,-,24.999999999999986,-,-,-,32.21329437545653,-,-,-,0.0,-,-,-,-,-,-,-,-,-,-,-,-,-,-,-,0.8948137326515686,-,-,-,-,-,-,-,-,-,-,-,-,-
CUG,-,-,-,0.0,-,-,-,-,-,-,-,-,-,-,-,-,0.0,0.0,0.0,*,-,-,-,5.2775748721694615,-,-,-,24.999999999999986,-,-,-,32.21329437545653,-,-,-,0.292184075967859,-,-,-,-,-,-,-,-,-,-,-,-,-,-,-,0.8948137326515686,-,-,-,-,-,-,-,-,-,-,-,-
CCU,-,-,-,-,1.479181884587291,-,-,-,-,-,-,-,-,-,-,-,5.2775748721694615,-,-,-,*,0.0,0.0,0.0,5.916727538349164,-,-,-,11.413440467494521,-,-,-,-,-,-,-,0.0,-,-,-,-,-,-,-,-,-,-,-,-,-,-,-,0.2921840759678602,-,-,-,-,-,-,-,-,-,-,-
CCC,-,-,-,-,-,1.479181884587291,-,-,-,-,-,-,-,-,-,-,-,5.2775748721694615,-,-,0.0,*,0.0,0.0,-,5.916727538349164,-,-,-,11.413440467494521,-,-,-,-,-,-,-,0.0,-,-,-,-,-,-,-,-,-,-,-,-,-,-,-,0.2921840759678602,-,-,-,-,-,-,-,-,-,-
CCA,-,-,-,-,-,-,1.479181884587291,-,-,-,-,-,-,-,-,-,-,-,5.2775748721694615,-,0.0,0.0,*,0.0,-,-,7.304601899196493,-,-,-,11.413440467494521,-,-,-,-,-,-,-,0.0,-,-,-,-,-,-,-,-,-,-,-,-,-,-,-,0.2921840759678602,-,-,-,-,-,-,-,-,-
CCG,-,-,-,-,-,-,-,1.479181884587291,-,-,-,-,-,-,-,-,-,-,-,5.2775748721694615,0.0,0.0,0.0,*,-,-,-,7.304601899196493,-,-,-,11.413440467494521,-,-,-,-,-,-,-,0.0,-,-,-,-,-,-,-,-,-,-,-,-,-,-,-,0.2921840759678602,-,-,-,-,-,-,-,-
CAU,-,-,-,-,-,-,-,-,13.312636961285609,-,-,-,-,-,-,-,22.370343316289258,-,-,-,5.916727538349164,-,-,-,*,0.0,0.0730460189919644,0.0730460189919644,0.8948137326515686,-,-,-,-,-,-,-,-,-,-,-,4.674945215485753,-,-,-,-,-,-,-,-,-,-,-,-,-,-,-,38.641344046749445,-,-,-,-,-,-,-
CAC,-,-,-,-,-,-,-,-,-,13.312636961285609,-,-,-,-,-,-,-,22.370343316289258,-,-,-,5.916727538349164,-,-,0.0,*,0.0730460189919644,0.0730460189919644,-,0.8948137326515686,-,-,-,-,-,-,-,-,-,-,-,4.674945215485753,-,-,-,-,-,-,-,-,-,-,-,-,-,-,-,38.641344046749445,-,-,-,-,-,-
CAA,-,-,-,-,-,-,-,-,-,-,-,-,-,-,-,-,-,-,24.999999999999986,-,-,-,7.304601899196493,-,0.0730460189919644,0.0730460189919644,*,0.0,-,-,0.4565376186997808,-,-,-,-,-,-,-,-,-,-,-,4.108838568298028,-,-,-,-,-,-,-,-,-,-,-,-,-,-,-,27.775748721694672,-,-,-,-,-
CAG,-,-,-,-,-,-,-,-,-,-,-,-,-,-,-,-,-,-,-,24.999999999999986,-,-,-,7.304601899196493,0.0730460189919644,0.0730460189919644,0.0,*,-,-,-,0.4565376186997808,-,-,-,-,-,-,-,-,-,-,-,4.108838568298028,-,-,-,-,-,-,-,-,-,-,-,-,-,-,-,27.775748721694672,-,-,-,-
CGU,-,-,-,-,-,-,-,-,-,-,-,-,10.518626734842954,-,-,-,32.21329437545653,-,-,-,11.413440467494521,-,-,-,0.8948137326515686,-,-,-,*,0.0,0.0,0.0,-,-,-,-,-,-,-,-,-,-,-,-,4.674945215485753,-,-,-,-,-,-,-,-,-,-,-,-,-,-,-,2.6296566837107345,-,-,-
CGC,-,-,-,-,-,-,-,-,-,-,-,-,-,10.518626734842954,-,-,-,32.21329437545653,-,-,-,11.413440467494521,-,-,-,0.8948137326515686,-,-,0.0,*,0.0,0.0,-,-,-,-,-,-,-,-,-,-,-,-,-,4.674945215485753,-,-,-,-,-,-,-,-,-,-,-,-,-,-,-,2.6296566837107345,-,-
CGA,-,-,-,-,-,-,-,-,-,-,-,-,-,-,-,-,-,-,32.21329437545653,-,-,-,11.413440467494521,-,-,-,0.4565376186997808,-,0.0,0.0,*,0.0,-,-,-,-,-,-,-,-,-,-,-,-,-,-,0.0,-,-,-,-,-,-,-,-,-,-,-,-,-,-,-,2.6296566837107345,-
CGG,-,-,-,-,-,-,-,-,-,-,-,-,-,-,-,26.36961285609934,-,-,-,32.21329437545653,-,-,-,11.413440467494521,-,-,-,0.4565376186997808,0.0,0.0,0.0,*,-,-,-,-,-,-,-,-,-,-,-,-,-,-,-,0.0,-,-,-,-,-,-,-,-,-,-,-,-,-,-,-,2.6296566837107345
AUU,0.0182615047479911,-,-,-,-,-,-,-,-,-,-,-,-,-,-,-,0.0,-,-,-,-,-,-,-,-,-,-,-,-,-,-,-,*,0.0,0.0,0.292184075967859,5.2775748721694615,-,-,-,47.498173849525195,-,-,-,12.34477720964207,-,-,-,0.8948137326515686,-,-,-,-,-,-,-,-,-,-,-,-,-,-,-
AUC,-,0.0182615047479911,-,-,-,-,-,-,-,-,-,-,-,-,-,-,-,0.0,-,-,-,-,-,-,-,-,-,-,-,-,-,-,0.0,*,0.0,0.292184075967859,-,5.2775748721694615,-,-,-,47.498173849525195,-,-,-,12.34477720964207,-,-,-,0.8948137326515686,-,-,-,-,-,-,-,-,-,-,-,-,-,-
AUA,-,-,0.0,-,-,-,-,-,-,-,-,-,-,-,-,-,-,-,0.0,-,-,-,-,-,-,-,-,-,-,-,-,-,0.0,0.0,*,0.292184075967859,-,-,5.2775748721694615,-,-,-,49.37910883856828,-,-,-,32.21329437545653,-,-,-,0.8948137326515686,-,-,-,-,-,-,-,-,-,-,-,-,-
AUG,-,-,-,0.292184075967859,-,-,-,-,-,-,-,-,-,-,-,-,-,-,-,0.292184075967859,-,-,-,-,-,-,-,-,-,-,-,-,0.292184075967859,0.292184075967859,0.292184075967859,*,-,-,-,3.0861943024105174,-,-,-,42.074506939371794,-,-,-,26.36961285609934,-,-,-,0.1643535427319209,-,-,-,-,-,-,-,-,-,-,-,-
ACU,-,-,-,-,1.479181884587291,-,-,-,-,-,-,-,-,-,-,-,-,-,-,-,0.0,-,-,-,-,-,-,-,-,-,-,-,5.2775748721694615,-,-,-,*,0.0,0.0,0.0,21.11029948867787,-,-,-,1.479181884587291,-,-,-,-,-,-,-,0.2921840759678602,-,-,-,-,-,-,-,-,-,-,-
ACC,-,-,-,-,-,1.479181884587291,-,-,-,-,-,-,-,-,-,-,-,-,-,-,-,0.0,-,-,-,-,-,-,-,-,-,-,-,5.2775748721694615,-,-,0.0,*,0.0,0.0,-,21.11029948867787,-,-,-,1.479181884587291,-,-,-,-,-,-,-,0.2921840759678602,-,-,-,-,-,-,-,-,-,-
ACA,-,-,-,-,-,-,1.479181884587291,-,-,-,-,-,-,-,-,-,-,-,-,-,-,-,0.0,-,-,-,-,-,-,-,-,-,-,-,5.2775748721694615,-,0.0,0.0,*,0.0,-,-,22.370343316289258,-,-,-,11.413440467494521,-,-,-,-,-,-,-,0.2921840759678602,-,-,-,-,-,-,-,-,-
ACG,-,-,-,-,-,-,-,1.479181884587291,-,-,-,-,-,-,-,-,-,-,-,-,-,-,-,0.0,-,-,-,-,-,-,-,-,-,-,-,3.0861943024105174,0.0,0.0,0.0,*,-,-,-,22.370343316289258,-,-,-,11.413440467494521,-,-,-,-,-,-,-,0.2921840759678602,-,-,-,-,-,-,-,-
AAU,-,-,-,-,-,-,-,-,33.765522279035785,-,-,-,-,-,-,-,-,-,-,-,-,-,-,-,4.674945215485753,-,-,-,-,-,-,-,47.498173849525195,-,-,-,21.11029948867787,-,-,-,*,0.0,0.0182615047479911,0.0182615047479911,11.413440467494521,-,-,-,-,-,-,-,-,-,-,-,16.43535427319211,-,-,-,-,-,-,-
AAC,-,-,-,-,-,-,-,-,-,33.765522279035785,-,-,-,-,-,-,-,-,-,-,-,-,-,-,-,4.674945215485753,-,-,-,-,-,-,-,47.498173849525195,-,-,-,21.11029948867787,-,-,0.0,*,0.0182615047479911,0.0182615047479911,-,11.413440467494521,-,-,-,-,-,-,-,-,-,-,-,16.43535427319211,-,-,-,-,-,-
AAA,-,-,-,-,-,-,-,-,-,-,-,-,-,-,-,-,-,-,-,-,-,-,-,-,-,-,4.108838568298028,-,-,-,-,-,-,-,49.37910883856828,-,-,-,22.370343316289258,-,0.0182615047479911,0.0182615047479911,*,0.0,-,-,1.8261504747991233,-,-,-,-,-,-,-,-,-,-,-,10.518626734842954,-,-,-,-,-
AAG,-,-,-,-,-,-,-,-,-,-,-,-,-,-,-,-,-,-,-,-,-,-,-,-,-,-,-,4.108838568298028,-,-,-,-,-,-,-,42.074506939371794,-,-,-,22.370343316289258,0.0182615047479911,0.0182615047479911,0.0,*,-,-,-,1.8261504747991233,-,-,-,-,-,-,-,-,-,-,-,10.518626734842954,-,-,-,-
AGU,-,-,-,-,-,-,-,-,-,-,-,-,29.218407596785973,-,-,-,-,-,-,-,-,-,-,-,-,-,-,-,4.674945215485753,-,-,-,12.34477720964207,-,-,-,1.479181884587291,-,-,-,11.413440467494521,-,-,-,*,0.0,4.674945215485753,4.674945215485753,-,-,-,-,-,-,-,-,-,-,-,-,0.2921840759678602,-,-,-
AGC,-,-,-,-,-,-,-,-,-,-,-,-,-,29.218407596785973,-,-,-,-,-,-,-,-,-,-,-,-,-,-,-,4.674945215485753,-,-,-,12.34477720964207,-,-,-,1.479181884587291,-,-,-,11.413440467494521,-,-,0.0,*,4.674945215485753,4.674945215485753,-,-,-,-,-,-,-,-,-,-,-,-,-,0.2921840759678602,-,-
AGA,-,-,-,-,-,-,-,-,-,-,-,-,-,-,-,-,-,-,-,-,-,-,-,-,-,-,-,-,-,-,0.0,-,-,-,32.21329437545653,-,-,-,11.413440467494521,-,-,-,1.8261504747991233,-,4.674945215485753,4.674945215485753,*,0.0,-,-,-,-,-,-,-,-,-,-,-,-,-,-,2.6296566837107345,-
AGG,-,-,-,-,-,-,-,-,-,-,-,-,-,-,-,26.36961285609934,-,-,-,-,-,-,-,-,-,-,-,-,-,-,-,0.0,-,-,-,26.36961285609934,-,-,-,11.413440467494521,-,-,-,1.8261504747991233,4.674945215485753,4.674945215485753,0.0,*,-,-,-,-,-,-,-,-,-,-,-,-,-,-,-,2.6296566837107345
GUU,0.6574141709276836,-,-,-,-,-,-,-,-,-,-,-,-,-,-,-,0.8948137326515686,-,-,-,-,-,-,-,-,-,-,-,-,-,-,-,0.8948137326515686,-,-,-,-,-,-,-,-,-,-,-,-,-,-,-,*,0.0,0.0,0.0,3.5792549306062833,-,-,-,100.0,-,-,-,9.660336011687368,-,-,-
GUC,-,0.6574141709276836,-,-,-,-,-,-,-,-,-,-,-,-,-,-,-,0.8948137326515686,-,-,-,-,-,-,-,-,-,-,-,-,-,-,-,0.8948137326515686,-,-,-,-,-,-,-,-,-,-,-,-,-,-,0.0,*,0.0,0.0,-,3.5792549306062833,-,-,-,100.0,-,-,-,9.660336011687368,-,-
GUA,-,-,0.8948137326515686,-,-,-,-,-,-,-,-,-,-,-,-,-,-,-,0.8948137326515686,-,-,-,-,-,-,-,-,-,-,-,-,-,-,-,0.8948137326515686,-,-,-,-,-,-,-,-,-,-,-,-,-,0.0,0.0,*,0.0,-,-,3.5792549306062833,-,-,-,86.94302410518627,-,-,-,9.660336011687368,-
GUG,-,-,-,0.8948137326515686,-,-,-,-,-,-,-,-,-,-,-,-,-,-,-,0.8948137326515686,-,-,-,-,-,-,-,-,-,-,-,-,-,-,-,0.1643535427319209,-,-,-,-,-,-,-,-,-,-,-,-,0.0,0.0,0.0,*,-,-,-,3.5792549306062833,-,-,-,86.94302410518627,-,-,-,9.660336011687368
GCU,-,-,-,-,0.4565376186997808,-,-,-,-,-,-,-,-,-,-,-,-,-,-,-,0.2921840759678602,-,-,-,-,-,-,-,-,-,-,-,-,-,-,-,0.2921840759678602,-,-,-,-,-,-,-,-,-,-,-,3.5792549306062833,-,-,-,*,0.0,0.0,0.0,65.74141709276844,-,-,-,1.479181884587291,-,-,-
GCC,-,-,-,-,-,0.4565376186997808,-,-,-,-,-,-,-,-,-,-,-,-,-,-,-,0.2921840759678602,-,-,-,-,-,-,-,-,-,-,-,-,-,-,-,0.2921840759678602,-,-,-,-,-,-,-,-,-,-,-,3.5792549306062833,-,-,0.0,*,0.0,0.0,-,65.74141709276844,-,-,-,1.479181884587291,-,-
GCA,-,-,-,-,-,-,0.4565376186997808,-,-,-,-,-,-,-,-,-,-,-,-,-,-,-,0.2921840759678602,-,-,-,-,-,-,-,-,-,-,-,-,-,-,-,0.2921840759678602,-,-,-,-,-,-,-,-,-,-,-,3.5792549306062833,-,0.0,0.0,*,0.0,-,-,55.24105186267347,-,-,-,1.479181884587291,-
GCG,-,-,-,-,-,-,-,0.4565376186997808,-,-,-,-,-,-,-,-,-,-,-,-,-,-,-,0.2921840759678602,-,-,-,-,-,-,-,-,-,-,-,-,-,-,-,0.2921840759678602,-,-,-,-,-,-,-,-,-,-,-,3.5792549306062833,0.0,0.0,0.0,*,-,-,-,55.24105186267347,-,-,-,1.479181884587291
GAU,-,-,-,-,-,-,-,-,97.31555880204527,-,-,-,-,-,-,-,-,-,-,-,-,-,-,-,38.641344046749445,-,-,-,-,-,-,-,-,-,-,-,-,-,-,-,16.43535427319211,-,-,-,-,-,-,-,100.0,-,-,-,65.74141709276844,-,-,-,*,0.0,0.4565376186997808,0.4565376186997808,47.498173849525195,-,-,-
GAC,-,-,-,-,-,-,-,-,-,97.31555880204527,-,-,-,-,-,-,-,-,-,-,-,-,-,-,-,38.641344046749445,-,-,-,-,-,-,-,-,-,-,-,-,-,-,-,16.43535427319211,-,-,-,-,-,-,-,100.0,-,-,-,65.74141709276844,-,-,0.0,*,0.4565376186997808,0.4565376186997808,-,47.498173849525195,-,-
GAA,-,-,-,-,-,-,-,-,-,-,-,-,-,-,-,-,-,-,-,-,-,-,-,-,-,-,27.775748721694672,-,-,-,-,-,-,-,-,-,-,-,-,-,-,-,10.518626734842954,-,-,-,-,-,-,-,86.94302410518627,-,-,-,55.24105186267347,-,0.4565376186997808,0.4565376186997808,*,0.0,-,-,38.641344046749445,-
GAG,-,-,-,-,-,-,-,-,-,-,-,-,-,-,-,-,-,-,-,-,-,-,-,-,-,-,-,27.775748721694672,-,-,-,-,-,-,-,-,-,-,-,-,-,-,-,10.518626734842954,-,-,-,-,-,-,-,86.94302410518627,-,-,-,55.24105186267347,0.4565376186997808,0.4565376186997808,0.0,*,-,-,-,38.641344046749445
GGU,-,-,-,-,-,-,-,-,-,-,-,-,23.666910153396632,-,-,-,-,-,-,-,-,-,-,-,-,-,-,-,2.6296566837107345,-,-,-,-,-,-,-,-,-,-,-,-,-,-,-,0.2921840759678602,-,-,-,9.660336011687368,-,-,-,1.479181884587291,-,-,-,47.498173849525195,-,-,-,*,0.0,0.0,0.0
GGC,-,-,-,-,-,-,-,-,-,-,-,-,-,23.666910153396632,-,-,-,-,-,-,-,-,-,-,-,-,-,-,-,2.6296566837107345,-,-,-,-,-,-,-,-,-,-,-,-,-,-,-,0.2921840759678602,-,-,-,9.660336011687368,-,-,-,1.479181884587291,-,-,-,47.498173849525195,-,-,0.0,*,0.0,0.0
GGA,-,-,-,-,-,-,-,-,-,-,-,-,-,-,-,-,-,-,-,-,-,-,-,-,-,-,-,-,-,-,2.6296566837107345,-,-,-,-,-,-,-,-,-,-,-,-,-,-,-,2.6296566837107345,-,-,-,9.660336011687368,-,-,-,1.479181884587291,-,-,-,38.641344046749445,-,0.0,0.0,*,0.0
GGG,-,-,-,-,-,-,-,-,-,-,-,-,-,-,-,12.344777209642077,-,-,-,-,-,-,-,-,-,-,-,-,-,-,-,2.6296566837107345,-,-,-,-,-,-,-,-,-,-,-,-,-,-,-,2.6296566837107345,-,-,-,9.660336011687368,-,-,-,1.479181884587291,-,-,-,38.641344046749445,0.0,0.0,0.0,*
